{
"lengthUnit": "mil",
"remark": [],
"components": {
	"fields": ["COMPONENT_NO", "COMPONENT_NAME", "LAYER", "X_COORDINATE", "Y_COORDINATE", "ANGLE"],
	"rows": [
		[1, "IN1", "T", 104, 79.15, 0],
		[2, "IN2", "T", 440, 80, 0],
		[3, "MOTOR1", "T", 215, -630, 0],
		[4, "MOTOR2", "T", 665, -630, 0],
		[5, "NPN1", "T", 102.796, -432.1162, 0],
		[6, "NPN2", "T", 328.073, -432.1162, 0],
		[7, "NPN3", "T", 553.35, -432.1162, 0],
		[8, "NPN4", "T", 778.627, -432.1162, 0],
		[9, "PNP1", "T", 102.796, -199.5906, 0],
		[10, "PNP2", "T", 328.073, -199.5906, 0],
		[11, "PNP3", "T", 553.35, -199.5906, 0],
		[12, "PNP4", "T", 778.627, -199.5906, 0],
		[13, "VCC-GND", "T", 775, 80, 0],
		[14, "PAD1", "T", 152.796, -199.5906, 0],
		[15, "PAD1", "B", 152.796, -199.5906, 0],
		[16, "PAD2", "T", 102.796, -199.5906, 0],
		[17, "PAD2", "B", 102.796, -199.5906, 0],
		[18, "PAD3", "T", 52.796, -199.5906, 0],
		[19, "PAD3", "B", 52.796, -199.5906, 0],
		[20, "PAD4", "T", 152.796, -432.1162, 0],
		[21, "PAD4", "B", 152.796, -432.1162, 0],
		[22, "PAD5", "T", 102.796, -432.1162, 0],
		[23, "PAD5", "B", 102.796, -432.1162, 0],
		[24, "PAD6", "T", 52.796, -432.1162, 0],
		[25, "PAD6", "B", 52.796, -432.1162, 0],
		[26, "PAD7", "T", 378.073, -432.1162, 0],
		[27, "PAD7", "B", 378.073, -432.1162, 0],
		[28, "PAD8", "T", 328.073, -432.1162, 0],
		[29, "PAD8", "B", 328.073, -432.1162, 0],
		[30, "PAD9", "T", 278.073, -432.1162, 0],
		[31, "PAD9", "B", 278.073, -432.1162, 0],
		[32, "PAD10", "T", 378.073, -199.5906, 0],
		[33, "PAD10", "B", 378.073, -199.5906, 0],
		[34, "PAD11", "T", 328.073, -199.5906, 0],
		[35, "PAD11", "B", 328.073, -199.5906, 0],
		[36, "PAD12", "T", 278.073, -199.5906, 0],
		[37, "PAD12", "B", 278.073, -199.5906, 0],
		[38, "PAD13", "T", 603.35, -432.1162, 0],
		[39, "PAD13", "B", 603.35, -432.1162, 0],
		[40, "PAD14", "T", 553.35, -432.1162, 0],
		[41, "PAD14", "B", 553.35, -432.1162, 0],
		[42, "PAD15", "T", 503.35, -432.1162, 0],
		[43, "PAD15", "B", 503.35, -432.1162, 0],
		[44, "PAD16", "T", 603.35, -199.5906, 0],
		[45, "PAD16", "B", 603.35, -199.5906, 0],
		[46, "PAD17", "T", 553.35, -199.5906, 0],
		[47, "PAD17", "B", 553.35, -199.5906, 0],
		[48, "PAD18", "T", 503.35, -199.5906, 0],
		[49, "PAD18", "B", 503.35, -199.5906, 0],
		[50, "PAD19", "T", 828.627, -432.1162, 0],
		[51, "PAD19", "B", 828.627, -432.1162, 0],
		[52, "PAD20", "T", 778.627, -432.1162, 0],
		[53, "PAD20", "B", 778.627, -432.1162, 0],
		[54, "PAD21", "T", 728.627, -432.1162, 0],
		[55, "PAD21", "B", 728.627, -432.1162, 0],
		[56, "PAD22", "T", 828.627, -199.5906, 0],
		[57, "PAD22", "B", 828.627, -199.5906, 0],
		[58, "PAD23", "T", 778.627, -199.5906, 0],
		[59, "PAD23", "B", 778.627, -199.5906, 0],
		[60, "PAD24", "T", 728.627, -199.5906, 0],
		[61, "PAD24", "B", 728.627, -199.5906, 0],
		[62, "PAD25", "T", 54, 79.15, 0],
		[63, "PAD25", "B", 54, 79.15, 0],
		[64, "PAD26", "T", 154, 79.15, 0],
		[65, "PAD26", "B", 154, 79.15, 0],
		[66, "PAD27", "T", 390, 80, 0],
		[67, "PAD27", "B", 390, 80, 0],
		[68, "PAD28", "T", 490, 80, 0],
		[69, "PAD28", "B", 490, 80, 0],
		[70, "PAD29", "T", 165, -630, 0],
		[71, "PAD29", "B", 165, -630, 0],
		[72, "PAD30", "T", 265, -630, 0],
		[73, "PAD30", "B", 265, -630, 0],
		[74, "PAD31", "T", 615, -630, 0],
		[75, "PAD31", "B", 615, -630, 0],
		[76, "PAD32", "T", 715, -630, 0],
		[77, "PAD32", "B", 715, -630, 0],
		[78, "PAD33", "T", 725, 80, 0],
		[79, "PAD33", "B", 725, 80, 0],
		[80, "PAD34", "T", 825, 80, 0],
		[81, "PAD34", "B", 825, 80, 0]
	]
},
"pins": {
	"fields": ["PIN_NO", "PIN_NAME", "PIN_X", "PIN_Y", "LAYER", "PIN_TYPE", "NET_NAME", "NET_TYPE", "PAD_SHAPE", "PAD_SIZEX", "PAD_SIZEY", "HOLE_SIZE", "HOLE_LEN", "PAD_ANGLE"],
	"rows": [
		[1, "IN1_1", 54, 79.15, "T", "DIP", "A1", "", "R", 78.74, 78.74, 47.244, 47.244, 0],
		[2, "IN1_1", 54, 79.15, "B", "DIP", "A1", "", "R", 78.74, 78.74, 47.244, 47.244, 0],
		[3, "IN1_2", 154, 79.15, "T", "DIP", "A2", "", "C", 78.74, 78.74, 47.244, 47.244, 0],
		[4, "IN1_2", 154, 79.15, "B", "DIP", "A2", "", "C", 78.74, 78.74, 47.244, 47.244, 0],
		[5, "IN2_1", 390, 80, "T", "DIP", "B1", "", "R", 78.74, 78.74, 47.244, 47.244, 0],
		[6, "IN2_1", 390, 80, "B", "DIP", "B1", "", "R", 78.74, 78.74, 47.244, 47.244, 0],
		[7, "IN2_2", 490, 80, "T", "DIP", "B2", "", "C", 78.74, 78.74, 47.244, 47.244, 0],
		[8, "IN2_2", 490, 80, "B", "DIP", "B2", "", "C", 78.74, 78.74, 47.244, 47.244, 0],
		[9, "MOTOR1_1", 165, -630, "T", "DIP", "OUTA1", "", "R", 78.74, 78.74, 47.244, 47.244, 0],
		[10, "MOTOR1_1", 165, -630, "B", "DIP", "OUTA1", "", "R", 78.74, 78.74, 47.244, 47.244, 0],
		[11, "MOTOR1_2", 265, -630, "T", "DIP", "OUTA2", "", "C", 78.74, 78.74, 47.244, 47.244, 0],
		[12, "MOTOR1_2", 265, -630, "B", "DIP", "OUTA2", "", "C", 78.74, 78.74, 47.244, 47.244, 0],
		[13, "MOTOR2_1", 615, -630, "T", "DIP", "OUTB1", "", "R", 78.74, 78.74, 47.244, 47.244, 0],
		[14, "MOTOR2_1", 615, -630, "B", "DIP", "OUTB1", "", "R", 78.74, 78.74, 47.244, 47.244, 0],
		[15, "MOTOR2_2", 715, -630, "T", "DIP", "OUTB2", "", "C", 78.74, 78.74, 47.244, 47.244, 0],
		[16, "MOTOR2_2", 715, -630, "B", "DIP", "OUTB2", "", "C", 78.74, 78.74, 47.244, 47.244, 0],
		[17, "NPN1_1", 52.796, -432.1162, "T", "DIP", "GND", "GND", "R", 35.433, 62.992, 27.56, 27.56, 0],
		[18, "NPN1_1", 52.796, -432.1162, "B", "DIP", "GND", "GND", "R", 35.433, 62.992, 27.56, 27.56, 0],
		[19, "NPN1_2", 102.796, -432.1162, "T", "DIP", "A1", "", "O", 35.433, 62.992, 27.56, 27.56, 0],
		[20, "NPN1_2", 102.796, -432.1162, "B", "DIP", "A1", "", "O", 35.433, 62.992, 27.56, 27.56, 0],
		[21, "NPN1_3", 152.796, -432.1162, "T", "DIP", "OUTA1", "", "O", 35.433, 62.992, 27.56, 27.56, 0],
		[22, "NPN1_3", 152.796, -432.1162, "B", "DIP", "OUTA1", "", "O", 35.433, 62.992, 27.56, 27.56, 0],
		[23, "NPN2_1", 278.073, -432.1162, "T", "DIP", "GND", "GND", "R", 35.433, 62.992, 27.56, 27.56, 0],
		[24, "NPN2_1", 278.073, -432.1162, "B", "DIP", "GND", "GND", "R", 35.433, 62.992, 27.56, 27.56, 0],
		[25, "NPN2_2", 328.073, -432.1162, "T", "DIP", "A2", "", "O", 35.433, 62.992, 27.56, 27.56, 0],
		[26, "NPN2_2", 328.073, -432.1162, "B", "DIP", "A2", "", "O", 35.433, 62.992, 27.56, 27.56, 0],
		[27, "NPN2_3", 378.073, -432.1162, "T", "DIP", "OUTA2", "", "O", 35.433, 62.992, 27.56, 27.56, 0],
		[28, "NPN2_3", 378.073, -432.1162, "B", "DIP", "OUTA2", "", "O", 35.433, 62.992, 27.56, 27.56, 0],
		[29, "NPN3_1", 503.35, -432.1162, "T", "DIP", "GND", "GND", "R", 35.433, 62.992, 27.56, 27.56, 0],
		[30, "NPN3_1", 503.35, -432.1162, "B", "DIP", "GND", "GND", "R", 35.433, 62.992, 27.56, 27.56, 0],
		[31, "NPN3_2", 553.35, -432.1162, "T", "DIP", "B1", "", "O", 35.433, 62.992, 27.56, 27.56, 0],
		[32, "NPN3_2", 553.35, -432.1162, "B", "DIP", "B1", "", "O", 35.433, 62.992, 27.56, 27.56, 0],
		[33, "NPN3_3", 603.35, -432.1162, "T", "DIP", "OUTB1", "", "O", 35.433, 62.992, 27.56, 27.56, 0],
		[34, "NPN3_3", 603.35, -432.1162, "B", "DIP", "OUTB1", "", "O", 35.433, 62.992, 27.56, 27.56, 0],
		[35, "NPN4_1", 728.627, -432.1162, "T", "DIP", "GND", "GND", "R", 35.433, 62.992, 27.56, 27.56, 0],
		[36, "NPN4_1", 728.627, -432.1162, "B", "DIP", "GND", "GND", "R", 35.433, 62.992, 27.56, 27.56, 0],
		[37, "NPN4_2", 778.627, -432.1162, "T", "DIP", "B2", "", "O", 35.433, 62.992, 27.56, 27.56, 0],
		[38, "NPN4_2", 778.627, -432.1162, "B", "DIP", "B2", "", "O", 35.433, 62.992, 27.56, 27.56, 0],
		[39, "NPN4_3", 828.627, -432.1162, "T", "DIP", "OUTB2", "", "O", 35.433, 62.992, 27.56, 27.56, 0],
		[40, "NPN4_3", 828.627, -432.1162, "B", "DIP", "OUTB2", "", "O", 35.433, 62.992, 27.56, 27.56, 0],
		[41, "PNP1_1", 52.796, -199.5906, "T", "DIP", "VCC", "", "R", 35.433, 62.992, 27.56, 27.56, 0],
		[42, "PNP1_1", 52.796, -199.5906, "B", "DIP", "VCC", "", "R", 35.433, 62.992, 27.56, 27.56, 0],
		[43, "PNP1_2", 102.796, -199.5906, "T", "DIP", "A1", "", "O", 35.433, 62.992, 27.56, 27.56, 0],
		[44, "PNP1_2", 102.796, -199.5906, "B", "DIP", "A1", "", "O", 35.433, 62.992, 27.56, 27.56, 0],
		[45, "PNP1_3", 152.796, -199.5906, "T", "DIP", "OUTA1", "", "O", 35.433, 62.992, 27.56, 27.56, 0],
		[46, "PNP1_3", 152.796, -199.5906, "B", "DIP", "OUTA1", "", "O", 35.433, 62.992, 27.56, 27.56, 0],
		[47, "PNP2_1", 278.073, -199.5906, "T", "DIP", "VCC", "", "R", 35.433, 62.992, 27.56, 27.56, 0],
		[48, "PNP2_1", 278.073, -199.5906, "B", "DIP", "VCC", "", "R", 35.433, 62.992, 27.56, 27.56, 0],
		[49, "PNP2_2", 328.073, -199.5906, "T", "DIP", "A2", "", "O", 35.433, 62.992, 27.56, 27.56, 0],
		[50, "PNP2_2", 328.073, -199.5906, "B", "DIP", "A2", "", "O", 35.433, 62.992, 27.56, 27.56, 0],
		[51, "PNP2_3", 378.073, -199.5906, "T", "DIP", "OUTA2", "", "O", 35.433, 62.992, 27.56, 27.56, 0],
		[52, "PNP2_3", 378.073, -199.5906, "B", "DIP", "OUTA2", "", "O", 35.433, 62.992, 27.56, 27.56, 0],
		[53, "PNP3_1", 503.35, -199.5906, "T", "DIP", "VCC", "", "R", 35.433, 62.992, 27.56, 27.56, 0],
		[54, "PNP3_1", 503.35, -199.5906, "B", "DIP", "VCC", "", "R", 35.433, 62.992, 27.56, 27.56, 0],
		[55, "PNP3_2", 553.35, -199.5906, "T", "DIP", "B1", "", "O", 35.433, 62.992, 27.56, 27.56, 0],
		[56, "PNP3_2", 553.35, -199.5906, "B", "DIP", "B1", "", "O", 35.433, 62.992, 27.56, 27.56, 0],
		[57, "PNP3_3", 603.35, -199.5906, "T", "DIP", "OUTB1", "", "O", 35.433, 62.992, 27.56, 27.56, 0],
		[58, "PNP3_3", 603.35, -199.5906, "B", "DIP", "OUTB1", "", "O", 35.433, 62.992, 27.56, 27.56, 0],
		[59, "PNP4_1", 728.627, -199.5906, "T", "DIP", "VCC", "", "R", 35.433, 62.992, 27.56, 27.56, 0],
		[60, "PNP4_1", 728.627, -199.5906, "B", "DIP", "VCC", "", "R", 35.433, 62.992, 27.56, 27.56, 0],
		[61, "PNP4_2", 778.627, -199.5906, "T", "DIP", "B2", "", "O", 35.433, 62.992, 27.56, 27.56, 0],
		[62, "PNP4_2", 778.627, -199.5906, "B", "DIP", "B2", "", "O", 35.433, 62.992, 27.56, 27.56, 0],
		[63, "PNP4_3", 828.627, -199.5906, "T", "DIP", "OUTB2", "", "O", 35.433, 62.992, 27.56, 27.56, 0],
		[64, "PNP4_3", 828.627, -199.5906, "B", "DIP", "OUTB2", "", "O", 35.433, 62.992, 27.56, 27.56, 0],
		[65, "VCC-GND_1", 725, 80, "T", "DIP", "VCC", "", "R", 78.74, 78.74, 47.244, 47.244, 0],
		[66, "VCC-GND_1", 725, 80, "B", "DIP", "VCC", "", "R", 78.74, 78.74, 47.244, 47.244, 0],
		[67, "VCC-GND_2", 825, 80, "T", "DIP", "GND", "GND", "C", 78.74, 78.74, 47.244, 47.244, 0],
		[68, "VCC-GND_2", 825, 80, "B", "DIP", "GND", "GND", "C", 78.74, 78.74, 47.244, 47.244, 0],
		[69, "PAD1_3", 152.796, -199.5906, "T", "DIP", "OUTA1", "", "O", 35.433, 62.992, 27.56, 27.56, 0],
		[70, "PAD1_3", 152.796, -199.5906, "B", "DIP", "OUTA1", "", "O", 35.433, 62.992, 27.56, 27.56, 0],
		[71, "PAD2_2", 102.796, -199.5906, "T", "DIP", "A1", "", "O", 35.433, 62.992, 27.56, 27.56, 0],
		[72, "PAD2_2", 102.796, -199.5906, "B", "DIP", "A1", "", "O", 35.433, 62.992, 27.56, 27.56, 0],
		[73, "PAD3_1", 52.796, -199.5906, "T", "DIP", "VCC", "", "R", 35.433, 62.992, 27.56, 27.56, 0],
		[74, "PAD3_1", 52.796, -199.5906, "B", "DIP", "VCC", "", "R", 35.433, 62.992, 27.56, 27.56, 0],
		[75, "PAD4_3", 152.796, -432.1162, "T", "DIP", "OUTA1", "", "O", 35.433, 62.992, 27.56, 27.56, 0],
		[76, "PAD4_3", 152.796, -432.1162, "B", "DIP", "OUTA1", "", "O", 35.433, 62.992, 27.56, 27.56, 0],
		[77, "PAD5_2", 102.796, -432.1162, "T", "DIP", "A1", "", "O", 35.433, 62.992, 27.56, 27.56, 0],
		[78, "PAD5_2", 102.796, -432.1162, "B", "DIP", "A1", "", "O", 35.433, 62.992, 27.56, 27.56, 0],
		[79, "PAD6_1", 52.796, -432.1162, "T", "DIP", "GND", "GND", "R", 35.433, 62.992, 27.56, 27.56, 0],
		[80, "PAD6_1", 52.796, -432.1162, "B", "DIP", "GND", "GND", "R", 35.433, 62.992, 27.56, 27.56, 0],
		[81, "PAD7_3", 378.073, -432.1162, "T", "DIP", "OUTA2", "", "O", 35.433, 62.992, 27.56, 27.56, 0],
		[82, "PAD7_3", 378.073, -432.1162, "B", "DIP", "OUTA2", "", "O", 35.433, 62.992, 27.56, 27.56, 0],
		[83, "PAD8_2", 328.073, -432.1162, "T", "DIP", "A2", "", "O", 35.433, 62.992, 27.56, 27.56, 0],
		[84, "PAD8_2", 328.073, -432.1162, "B", "DIP", "A2", "", "O", 35.433, 62.992, 27.56, 27.56, 0],
		[85, "PAD9_1", 278.073, -432.1162, "T", "DIP", "GND", "GND", "R", 35.433, 62.992, 27.56, 27.56, 0],
		[86, "PAD9_1", 278.073, -432.1162, "B", "DIP", "GND", "GND", "R", 35.433, 62.992, 27.56, 27.56, 0],
		[87, "PAD10_3", 378.073, -199.5906, "T", "DIP", "OUTA2", "", "O", 35.433, 62.992, 27.56, 27.56, 0],
		[88, "PAD10_3", 378.073, -199.5906, "B", "DIP", "OUTA2", "", "O", 35.433, 62.992, 27.56, 27.56, 0],
		[89, "PAD11_2", 328.073, -199.5906, "T", "DIP", "A2", "", "O", 35.433, 62.992, 27.56, 27.56, 0],
		[90, "PAD11_2", 328.073, -199.5906, "B", "DIP", "A2", "", "O", 35.433, 62.992, 27.56, 27.56, 0],
		[91, "PAD12_1", 278.073, -199.5906, "T", "DIP", "VCC", "", "R", 35.433, 62.992, 27.56, 27.56, 0],
		[92, "PAD12_1", 278.073, -199.5906, "B", "DIP", "VCC", "", "R", 35.433, 62.992, 27.56, 27.56, 0],
		[93, "PAD13_3", 603.35, -432.1162, "T", "DIP", "OUTB1", "", "O", 35.433, 62.992, 27.56, 27.56, 0],
		[94, "PAD13_3", 603.35, -432.1162, "B", "DIP", "OUTB1", "", "O", 35.433, 62.992, 27.56, 27.56, 0],
		[95, "PAD14_2", 553.35, -432.1162, "T", "DIP", "B1", "", "O", 35.433, 62.992, 27.56, 27.56, 0],
		[96, "PAD14_2", 553.35, -432.1162, "B", "DIP", "B1", "", "O", 35.433, 62.992, 27.56, 27.56, 0],
		[97, "PAD15_1", 503.35, -432.1162, "T", "DIP", "GND", "GND", "R", 35.433, 62.992, 27.56, 27.56, 0],
		[98, "PAD15_1", 503.35, -432.1162, "B", "DIP", "GND", "GND", "R", 35.433, 62.992, 27.56, 27.56, 0],
		[99, "PAD16_3", 603.35, -199.5906, "T", "DIP", "OUTB1", "", "O", 35.433, 62.992, 27.56, 27.56, 0],
		[100, "PAD16_3", 603.35, -199.5906, "B", "DIP", "OUTB1", "", "O", 35.433, 62.992, 27.56, 27.56, 0],
		[101, "PAD17_2", 553.35, -199.5906, "T", "DIP", "B1", "", "O", 35.433, 62.992, 27.56, 27.56, 0],
		[102, "PAD17_2", 553.35, -199.5906, "B", "DIP", "B1", "", "O", 35.433, 62.992, 27.56, 27.56, 0],
		[103, "PAD18_1", 503.35, -199.5906, "T", "DIP", "VCC", "", "R", 35.433, 62.992, 27.56, 27.56, 0],
		[104, "PAD18_1", 503.35, -199.5906, "B", "DIP", "VCC", "", "R", 35.433, 62.992, 27.56, 27.56, 0],
		[105, "PAD19_3", 828.627, -432.1162, "T", "DIP", "OUTB2", "", "O", 35.433, 62.992, 27.56, 27.56, 0],
		[106, "PAD19_3", 828.627, -432.1162, "B", "DIP", "OUTB2", "", "O", 35.433, 62.992, 27.56, 27.56, 0],
		[107, "PAD20_2", 778.627, -432.1162, "T", "DIP", "B2", "", "O", 35.433, 62.992, 27.56, 27.56, 0],
		[108, "PAD20_2", 778.627, -432.1162, "B", "DIP", "B2", "", "O", 35.433, 62.992, 27.56, 27.56, 0],
		[109, "PAD21_1", 728.627, -432.1162, "T", "DIP", "GND", "GND", "R", 35.433, 62.992, 27.56, 27.56, 0],
		[110, "PAD21_1", 728.627, -432.1162, "B", "DIP", "GND", "GND", "R", 35.433, 62.992, 27.56, 27.56, 0],
		[111, "PAD22_3", 828.627, -199.5906, "T", "DIP", "OUTB2", "", "O", 35.433, 62.992, 27.56, 27.56, 0],
		[112, "PAD22_3", 828.627, -199.5906, "B", "DIP", "OUTB2", "", "O", 35.433, 62.992, 27.56, 27.56, 0],
		[113, "PAD23_2", 778.627, -199.5906, "T", "DIP", "B2", "", "O", 35.433, 62.992, 27.56, 27.56, 0],
		[114, "PAD23_2", 778.627, -199.5906, "B", "DIP", "B2", "", "O", 35.433, 62.992, 27.56, 27.56, 0],
		[115, "PAD24_1", 728.627, -199.5906, "T", "DIP", "VCC", "", "R", 35.433, 62.992, 27.56, 27.56, 0],
		[116, "PAD24_1", 728.627, -199.5906, "B", "DIP", "VCC", "", "R", 35.433, 62.992, 27.56, 27.56, 0],
		[117, "PAD25_1", 54, 79.15, "T", "DIP", "A1", "", "R", 78.74, 78.74, 47.244, 47.244, 0],
		[118, "PAD25_1", 54, 79.15, "B", "DIP", "A1", "", "R", 78.74, 78.74, 47.244, 47.244, 0],
		[119, "PAD26_2", 154, 79.15, "T", "DIP", "A2", "", "C", 78.74, 78.74, 47.244, 47.244, 0],
		[120, "PAD26_2", 154, 79.15, "B", "DIP", "A2", "", "C", 78.74, 78.74, 47.244, 47.244, 0],
		[121, "PAD27_1", 390, 80, "T", "DIP", "B1", "", "R", 78.74, 78.74, 47.244, 47.244, 0],
		[122, "PAD27_1", 390, 80, "B", "DIP", "B1", "", "R", 78.74, 78.74, 47.244, 47.244, 0],
		[123, "PAD28_2", 490, 80, "T", "DIP", "B2", "", "C", 78.74, 78.74, 47.244, 47.244, 0],
		[124, "PAD28_2", 490, 80, "B", "DIP", "B2", "", "C", 78.74, 78.74, 47.244, 47.244, 0],
		[125, "PAD29_1", 165, -630, "T", "DIP", "OUTA1", "", "R", 78.74, 78.74, 47.244, 47.244, 0],
		[126, "PAD29_1", 165, -630, "B", "DIP", "OUTA1", "", "R", 78.74, 78.74, 47.244, 47.244, 0],
		[127, "PAD30_2", 265, -630, "T", "DIP", "OUTA2", "", "C", 78.74, 78.74, 47.244, 47.244, 0],
		[128, "PAD30_2", 265, -630, "B", "DIP", "OUTA2", "", "C", 78.74, 78.74, 47.244, 47.244, 0],
		[129, "PAD31_1", 615, -630, "T", "DIP", "OUTB1", "", "R", 78.74, 78.74, 47.244, 47.244, 0],
		[130, "PAD31_1", 615, -630, "B", "DIP", "OUTB1", "", "R", 78.74, 78.74, 47.244, 47.244, 0],
		[131, "PAD32_2", 715, -630, "T", "DIP", "OUTB2", "", "C", 78.74, 78.74, 47.244, 47.244, 0],
		[132, "PAD32_2", 715, -630, "B", "DIP", "OUTB2", "", "C", 78.74, 78.74, 47.244, 47.244, 0],
		[133, "PAD33_1", 725, 80, "T", "DIP", "VCC", "", "R", 78.74, 78.74, 47.244, 47.244, 0],
		[134, "PAD33_1", 725, 80, "B", "DIP", "VCC", "", "R", 78.74, 78.74, 47.244, 47.244, 0],
		[135, "PAD34_2", 825, 80, "T", "DIP", "GND", "GND", "C", 78.74, 78.74, 47.244, 47.244, 0],
		[136, "PAD34_2", 825, 80, "B", "DIP", "GND", "GND", "C", 78.74, 78.74, 47.244, 47.244, 0]
	]
}
}